{
    "0": [
        -0.0,
        0.0
    ],
    "1": [
        -0.01745,
        0.0
    ],
    "2": [
        -0.03491,
        0.0
    ],
    "3": [
        -0.05236,
        0.0
    ],
    "4": [
        -0.06981,
        0.0
    ],
    "5": [
        -0.08727,
        0.0
    ],
    "6": [
        -0.10472,
        0.0
    ],
    "7": [
        -0.0,
        0.12684496748616697
    ],
    "8": [
        -0.01745,
        0.12684496748616697
    ],
    "9": [
        -0.03491,
        0.12684496748616697
    ],
    "10": [
        -0.05236,
        0.12684496748616697
    ],
    "11": [
        -0.06981,
        0.12684496748616697
    ],
    "12": [
        -0.08727,
        0.12684496748616697
    ],
    "13": [
        -0.10472,
        0.12684496748616697
    ],
    "14": [
        -0.0,
        0.1585562093577087
    ],
    "15": [
        -0.01745,
        0.1585562093577087
    ],
    "16": [
        -0.03491,
        0.1585562093577087
    ],
    "17": [
        -0.05236,
        0.1585562093577087
    ],
    "18": [
        -0.06981,
        0.1585562093577087
    ],
    "19": [
        -0.08727,
        0.1585562093577087
    ],
    "20": [
        -0.10472,
        0.1585562093577087
    ],
    "21": [
        -0.0,
        0.19026745122925046
    ],
    "22": [
        -0.01745,
        0.19026745122925046
    ],
    "23": [
        -0.03491,
        0.19026745122925046
    ],
    "24": [
        -0.05236,
        0.19026745122925046
    ],
    "25": [
        -0.06981,
        0.19026745122925046
    ],
    "26": [
        -0.08727,
        0.19026745122925046
    ],
    "27": [
        -0.10472,
        0.19026745122925046
    ]
}