{
    "((0, 0, 1, 0, 0, 0, -0.05236, 0, 0), (3456.691446245281, 137.91480125644543, 2.0605035556779434, 0.20715396256999824, -0.0018520207085977046, -0.06464777376100378, -0.02618, 0.1934385754164046, 105.26728139706435))": {
        "path": [
            [
                0,
                0,
                1,
                0,
                0,
                0,
                -0.05236,
                0,
                0
            ],
            [
                778.6427243160798,
                0.6044193684361373,
                3.505885083420871,
                0.21994978818269761,
                -0.2366271485259892,
                -0.056135969997392066,
                -0.02618,
                0.20612307216502132,
                17.711927083707575
            ],
            [
                1660.424137008469,
                105.75387674844517,
                3.034540259494282,
                0.21270958430105474,
                0.35834706257862253,
                -0.05790963376034312,
                -0.02618,
                0.1934385754164046,
                87.60313214942224
            ],
            [
                2222.14996722173,
                62.40140838305581,
                1.8694748725245292,
                0.11226090650493102,
                -0.17764082562717964,
                -0.00033071276039885243,
                -0.03054,
                0,
                93.20654446365315
            ],
            [
                2799.31469458505,
                79.98735484648937,
                1.606839321015384,
                0.22107020901514912,
                -0.002549343753733451,
                -0.052300787257300606,
                -0.05236,
                0.145871712609092,
                96.62087121003235
            ],
            [
                3456.691446245281,
                137.91480125644543,
                2.0605035556779434,
                0.20715396256999824,
                -0.0018520207085977046,
                -0.06464777376100378,
                -0.02618,
                0.1934385754164046,
                105.26728139706435
            ]
        ],
        "actions": [
            [
                -0.02618,
                0.20612307216502132,
                315.34558124556406
            ],
            [
                -0.02618,
                0.1934385754164046,
                315.34558124556406
            ],
            [
                -0.03054,
                0.0,
                315.34558124556406
            ],
            [
                -0.05236,
                0.145871712609092,
                315.34558124556406
            ],
            [
                -0.02618,
                0.1934385754164046,
                315.34558124556406
            ]
        ],
        "cost": 105.26728139706435
    }
}