,count,mean,std,min,25%,50%,75%,max
D0,2318.0,32.06260120626401,26.065494514230753,0.0,5.71398646825072,31.2248013935436,52.61752244783011,99.86737608766384
D1,2318.0,-7.921255391143084,10.526888107147514,-49.65203875864208,-12.966585978804547,-4.055013528325539,0.0,7.488205449105305
D2,2318.0,-8.387126656416411,4.7828979766575905,-20.223826123404788,-12.360131023060529,-7.340656191904363,-4.949173546722283,0.0
D3,2318.0,-0.35897030148039805,0.2653625664634058,-1.9172375889334836,-0.5592321958267773,-0.34127912794691706,-0.16012253181917283,0.37090986198687964
D4,2318.0,0.1502573384950603,0.35718154302972754,-1.0471773867494114,0.0,0.07374079416852161,0.4247275532176861,1.047194296759997
D5,2318.0,-0.0015380308526405059,0.012222938088793604,-0.08741851506877682,-0.006390388872632413,0.0,0.004711596121476739,0.14262551070036736
