,count,mean,std,min,25%,50%,75%,max
D0,2528.0,34.53969346285365,24.20409889554674,1.2018363356958162e-05,13.474546037298715,33.72119707688676,52.697786124927106,99.86737608766384
D1,2528.0,-7.884934666936063,10.088193905251025,-49.65203875864208,-12.06314377560247,-4.631882453811764,-0.37589971272048217,7.488205449105305
D2,2528.0,-8.906481956945864,3.8869124916934075,-20.223826123404788,-11.850136324637456,-7.563268331273789,-5.812343301060855,-1.2563300048356032
D3,2528.0,-0.43729391281956836,0.2519507734619894,-1.9172375889334836,-0.6206803540881545,-0.43523122857458135,-0.30097210174099287,0.37090986198687964
D4,2528.0,0.14096437853928712,0.36605691807734825,-1.0471773867494114,-0.056314120214681414,0.11257378791128701,0.4204654156306958,1.047194296759997
D5,2528.0,-0.001302324248891255,0.013595793348225266,-0.08741851506877682,-0.0073370111603517155,0.0,0.005006183219837302,0.14262551070036736
