,count,mean,std,min,25%,50%,75%,max
D0,2078.0,35.7656927796535,25.0081845555567,1.2018363356958162e-05,13.805300217606982,35.279786233281854,54.751182478344944,99.86737608766384
D1,2078.0,-8.836126081169233,10.748601123300256,-49.65203875864208,-14.486132596989957,-5.362245900827752,-0.3015010010150272,7.488205449105305
D2,2078.0,-9.355803459852376,4.056151369478868,-20.223826123404788,-12.94286567904406,-8.278144432022806,-5.915146749566081,-1.2563300048356032
D3,2078.0,-0.40042981656956816,0.2488864811031779,-1.9172375889334836,-0.5883977742172888,-0.35097476958619467,-0.19233536189469222,0.37090986198687964
D4,2078.0,0.16761141031354654,0.3733770079951472,-1.0471773867494114,-0.015109255721925789,0.16163120192761843,0.47007904526144406,1.047194296759997
D5,2078.0,-0.0017156667547741544,0.012898011098542186,-0.08741851506877682,-0.007619500470277645,0.0,0.004780742170889431,0.14262551070036736
