{
"trayectorias":[
        {
"path": [
        [0, 0, 1, 0, 0, 0, -0.05236, 0, 0], 
        [949.0480896482, -234.81654367505627, 2.5442252634446154, 0.08565143043732965, -0.1536951939474604, 0.0009135010950032868, -0.01745, 0, 1.0830607121586002], 
        [2157.2877462723404, -629.082734026509, 3.1520666074414385, 0.06395896690960456, -0.28105030317765256, -0.00013425103070813685, -0.00873, 0, 2.0278203796224608], 
        [2474.6971397442703, -729.1155048517357, 3.183970364115919, 0.06365751508211683, -0.28651180913953284, 1.6963818095577068e-05, -0.00873, 0, 2.0821142497404788]], 
"actions": [
        [-0.01745, 0.0, 409.94925561923327], 
        [-0.00873, 0.0, 409.94925561923327], 
        [-0.00873, 0.0, 409.94925561923327]], 
"cost": 2.0821142497404788
        },
        {
"path": [
        [0, 0, 1, 0, 0, 0, -0.05236, 0, 0], 
        [614.2154041564372, -91.60663472890757, 1.7670415859336115, 0.12020234103797688, 0.012037261270024644, -0.0003902445417306113, -0.03491, 0, 2.723801524259185],
        [1601.6761565076667, -456.487664497318, 3.1119856858121584, 0.06456259063275711, -0.2561474108234161, -0.0003598534532428236, -0.00873, 0, 6.7709385894371525], 
        [2473.654199251408, -729.5687468222413, 3.190327339182511, 0.06366386786938713, -0.28231803343896417, 3.658873432678098e-05, -0.00873, 0, 6.9400979950455906]], 
"actions": [
        [-0.03491, 0.0, 346.8801393701205], 
        [-0.00873, 0.0, 346.8801393701205], 
        [-0.00873, 0.0, 346.8801393701205]], 
"cost": 6.9400979950455906
        },
        { 
"path": [
        [0, 0, 1, 0, 0, 0, -0.05236, 0, 0], 
        [656.3040547257058, -72.53375162277347, 1.483398528889931, 0.14434362221151215, 0.02976167723094892, -0.00019578430887848738, -0.05236, 0, 10.704114405647989], 
        [1366.0520877697331, -147.79286076017087, 1.6376925568793568, 0.13220508565037398, -0.022333228393797422, 0.0002791909520450029, -0.04363, 0, 13.214328206710183], 
        [2149.6800152188866, -240.82927674036378, 1.794296795424476, 0.11960403425475445, -0.05377576725288796, 8.400336542208678e-06, -0.03491, 0, 14.8772692653947], 
        [2936.0647134676374, -330.65007430372754, 1.795240243257187, 0.11960267765950451, -0.04696754642061689, 2.084252561928531e-05, -0.03491, 0, 15.61266364788036], 
        [3187.9489442814206, -341.4914867187842, 1.7671742185239732, 0.03748288309639382, 0.022669295280442137, 0.03271788570541308, -0.05236, 0.10781822236324193, 15.716179273756703]],
"actions": [
        [-0.05236, 0.0, 441.4838137437897],
        [-0.04363, 0.0, 441.4838137437897], 
        [-0.03491, 0.0, 441.4838137437897], 
        [-0.03491, 0.0, 441.4838137437897], 
        [-0.05236, 0.10781822236324193, 441.4838137437897]], 
        "cost": 15.716179273756703
        }
    ]
}