{
    "(-0.0, 0.0)": 0,
    "(-0.01745, 0.0)": 1,
    "(-0.03491, 0.0)": 2,
    "(-0.05236, 0.0)": 3,
    "(-0.06981, 0.0)": 4,
    "(-0.08727, 0.0)": 5,
    "(-0.10472, 0.0)": 6,
    "(-0.0, 0.12684496748616697)": 7,
    "(-0.01745, 0.12684496748616697)": 8,
    "(-0.03491, 0.12684496748616697)": 9,
    "(-0.05236, 0.12684496748616697)": 10,
    "(-0.06981, 0.12684496748616697)": 11,
    "(-0.08727, 0.12684496748616697)": 12,
    "(-0.10472, 0.12684496748616697)": 13,
    "(-0.0, 0.1585562093577087)": 14,
    "(-0.01745, 0.1585562093577087)": 15,
    "(-0.03491, 0.1585562093577087)": 16,
    "(-0.05236, 0.1585562093577087)": 17,
    "(-0.06981, 0.1585562093577087)": 18,
    "(-0.08727, 0.1585562093577087)": 19,
    "(-0.10472, 0.1585562093577087)": 20,
    "(-0.0, 0.19026745122925046)": 21,
    "(-0.01745, 0.19026745122925046)": 22,
    "(-0.03491, 0.19026745122925046)": 23,
    "(-0.05236, 0.19026745122925046)": 24,
    "(-0.06981, 0.19026745122925046)": 25,
    "(-0.08727, 0.19026745122925046)": 26,
    "(-0.10472, 0.19026745122925046)": 27,
    "(-0.0, 0.2219786931007922)": 28,
    "(-0.01745, 0.2219786931007922)": 29,
    "(-0.03491, 0.2219786931007922)": 30,
    "(-0.05236, 0.2219786931007922)": 31,
    "(-0.06981, 0.2219786931007922)": 32,
    "(-0.08727, 0.2219786931007922)": 33,
    "(-0.10472, 0.2219786931007922)": 34
}